<?xml version = "1.0" encoding = "utf-8" ?>

<!--********** Copyright 2016 Roku Corp.  All Rights Reserved. **********-->

<component name = "LabelListExample" extends = "Scene" initialFocus = "exampleLabelList" >

  <script type = "text/brightscript" >

    <![CDATA[

    sub init()
      m.top.backgroundURI = "pkg:/images/rsgde_bg_hd.jpg"

      example = m.top.findNode("pip_menu_group")

      examplerect = example.boundingRect()
      centerx = (1280 - examplerect.width) / 2
      centery = (720 - examplerect.height) / 2
      example.translation = [ centerx, centery ]

      m.top.setFocus(true)

      menuContent = m.top.findNode("menu_content")
      newItem = menuContent.CreateChild("ContentNode")
      newItem.title = "Item text 2713" + chr(2713)
      newItem.title = "Item text 2714" + chr(2714)
      newItem.description = "Description"

    end sub

    ]]>

  </script>

  <children >

    <Group id="pip_menu_group" visible = "true">
        <!--
            <Rectangle id="menu_back"
            color="#000000"
            width="{fhd:470}" height="{fhd:320}">
        </Rectangle>

                   focusBitmapUri = "Filter_Button_NoFocus.9.png"
                   focusBitmapUri = "pkg:/images/live_pill_overlay.9.png"
        -->
        <Poster id="background_poster"
            uri="pkg:/images/Filter_Button_NoFocus.9.png"
            color="#000000"
            transperancy="0.5"
            width="{fhd:470}" height="{fhd:320}">
        </Poster>

                   <!-- vertFocusAnimationStyle = "fixedFocusWrap" -->
                   <!-- focusRow="3" -->
        <LabelList id="exampleLabelList"
                   translation = "{fhd:[36,0]}"
                   vertFocusAnimationStyle = "floatingFocus"
                   focusedColor="#000000"
                   focusBitmapBlendColor = "#efefef"
                   itemSpacing = "{fhd:[0,27]}"
                   itemSize = "{fhd:[400,58]}" >
            <ContentNode id = "menu_content" role = "content" >
                <!-- <ContentNode title = "FixedFocusWrap" /> -->
                <ContentNode title = "FloatingFocus" />
                <ContentNode title = "Renderable Nodes" />
                <ContentNode title = "Z-Order/Parent-Child" />
                <ContentNode title = "Animations" />
                <ContentNode title = "Events and Observers" />
                <ContentNode title = "Option 1" />
                <ContentNode title = "Option 2" />
                <ContentNode title = "Option 3" />
<!--
                <ContentNode title = "Option 4" />
                <ContentNode title = "Option 5" />
                <ContentNode title = "Option 6" />
                <ContentNode title = "Option 6" />
                <ContentNode title = "Option 7" />
 -->
            </ContentNode>

        </LabelList>

    </Group>


      <!-- focusedColor = "0xefefef"
      focusedFont = "SmallBoldSystemFont"
      vertFocusAnimationStype = "fixedFocusWrap"
      focusBitmapUri = "pkg:/images/live_pill_overlay.9.png"
      focusFootprintBitmapUri = "pkg:/images/Filter_Button_NoFocus.9.png"
 -->

<!--
    <LabelList id="exampleLabelList"
      color = "0x000000cc"
      focusedColor = "#000000"
      >
      <ContentNode role = "content" >
        <ContentNode title = "Renderable Nodes" />
        <ContentNode title = "Z-Order/Parent-Child" />
        <ContentNode title = "Animations" />
        <ContentNode title = "Events and Observers" />
      </ContentNode>

    </LabelList>
 -->


  </children>

</component>

